archivo,grupo,ciclo,bytes,sha256,descargado_utc,url
coneval_irs_municipal_2010.csv,coneval,2010,398751,9f930710621a22a36f78c16dd6a71938d9c40ad95ad614aa1463f6303b38ddfd,2026-09-30T15:37:20+00:00~,https://www.datos.gob.mx/dataset/ef697817-92a9-4937-8323-c08dda8bd00f/resource/bcd1bfea-891e-4761-9c24-47feb1be84f3/download/irs_municipal_2010.csv
coneval_irs_municipal_2015.csv,coneval,2015,365666,ab54725b0df532a54668f05ee70b620f36cd533a418c97d2c98d159dfc2aab90,2026-09-30T15:37:19+00:00~,https://www.datos.gob.mx/dataset/ef697817-92a9-4937-8323-c08dda8bd00f/resource/0e3dd27c-6d85-4136-98f2-a808f78838dd/download/irs_municipal_2015.csv
coneval_irs_municipal_2020.csv,coneval,2020,428572,0103c1856ec61d9148e1f995b9f4cfebf27c7963749999a9a437e4b4d80491b1,2026-09-30T15:37:19+00:00~,https://www.datos.gob.mx/dataset/ef697817-92a9-4937-8323-c08dda8bd00f/resource/862d0ad7-3c26-46dd-8e0d-7f2c49c88d1c/download/irs_municipal_2020.csv
coneval_pobreza_edad.csv,coneval,2010-2020,5279295,d346458e2a347720299b1e045ccb3b943aa252ad6954fb7abbc00d5025140e16,2026-09-30T15:37:21+00:00~,https://www.datos.gob.mx/dataset/b6981ccc-083b-4e57-ba6f-d800a7398fa8/resource/f97c2271-ac51-4096-bbfb-5162b867b43f/download/pobreza_grupos_poblacionales_edad.csv
coneval_pobreza_municipal.csv,coneval,2010-2020,3098192,e4019460c48e2fe636fa18aac311ab52fe557dcbec3cb422e04c06833b1ed32e,2026-09-30T15:37:20+00:00~,https://www.datos.gob.mx/dataset/b6981ccc-083b-4e57-ba6f-d800a7398fa8/resource/6e409e3a-aa08-45f5-b84b-f5d8cc6fafa8/download/pobreza_municipal.csv
f911_basica_2019-2020.csv,f911_basica,2019-2020,120706702,58b2af1a025f6b66ab47540274095ff6c7d68552bfc6493629b46484b7735f25,2026-09-30T15:37:54+00:00~,https://repodatos.atdt.gob.mx/s_educacion_publica/f911/BASICA_2019-2020.csv
f911_basica_2020-2021.csv,f911_basica,2020-2021,119746118,f402997a2eef912ddb5f4ea32e5bd0b024b418ad48b5320f2325ac45c2f83387,2026-09-30T15:38:22+00:00~,https://repodatos.atdt.gob.mx/s_educacion_publica/f911/BASICA_2020-2021.csv
f911_basica_2021-2022.csv,f911_basica,2021-2022,119709145,5f7dd0f5da36cc5503cd8c7b8c908f5852d8fc54e1065f547d9ca6c4fa697dff,2026-09-30T15:38:43+00:00~,https://repodatos.atdt.gob.mx/s_educacion_publica/f911/BASICA_2021-2022.csv
f911_basica_2022-2023.csv,f911_basica,2022-2023,120209636,0d3b30f209645c4442374c341ee0a34a2e53286d510881207960eae01e90834a,2026-09-30T15:39:03+00:00~,https://repodatos.atdt.gob.mx/s_educacion_publica/f911/BASICA_2022-2023.csv
f911_basica_2023-2024.csv,f911_basica,2023-2024,121134060,cebd249c67706a0ad99add517fe0a67645843780e2e2d19587b6878e9cdcaf5a,2026-09-30T15:39:22+00:00~,https://repodatos.atdt.gob.mx/s_educacion_publica/f911/ESTANDAR_BASICA_I2324.csv
f911_basica_2024-2025.csv,f911_basica,2024-2025,117451958,af8ce2c3a49eba24e74c20d9febbe7075dbe7f408f2b0a891099072cbf742c6f,2026-09-30T15:39:41+00:00~,https://repodatos.atdt.gob.mx/api_update/secretaria_educacion/registro_alumnado_personal_docente_educacion_basica_media_superior_formato_911/educacion_basica_2024_2025.csv
f911_ems_2019-2020.csv,f911_ems,2019-2020,6805830,4cdf55ae5456f985f73d5b3b4016c131db91987a9f8da722d91c4bce8037efdb,2026-09-30T15:37:15+00:00~,https://www.datos.gob.mx/dataset/59c589fe-c3cd-4134-9e0f-6b04fd9244c0/resource/908a4a98-c837-4a6b-bd28-dc59990d1ba5/download/media_superior_2019-2020.csv
f911_ems_2020-2021.csv,f911_ems,2020-2021,6765663,cf3828242af95d009d2b0f4f0a60d1a30ef8b6998e3101fa1eadd909b32e20e8,2026-09-30T15:37:16+00:00~,https://www.datos.gob.mx/dataset/59c589fe-c3cd-4134-9e0f-6b04fd9244c0/resource/aebe55ca-aecc-41b1-9bac-905620fd5319/download/media_superior_2020-2021.csv
f911_ems_2021-2022.csv,f911_ems,2021-2022,6741255,806540d63b9a2d7f7dda777d6af718e62f9246ecccff73e725928daaa7348be3,2026-09-30T15:37:17+00:00~,https://www.datos.gob.mx/dataset/59c589fe-c3cd-4134-9e0f-6b04fd9244c0/resource/d81adeac-977b-4a3a-bfbf-2160ac4b9cbd/download/media_superior_2021-2022.csv
f911_ems_2022-2023.csv,f911_ems,2022-2023,6723806,11446fa039777f2371ae3edf539c9957f47cf791530a432d9268368dd9b6126a,2026-09-30T15:37:17+00:00~,https://www.datos.gob.mx/dataset/59c589fe-c3cd-4134-9e0f-6b04fd9244c0/resource/30eae81f-45f6-480e-9ac7-f491ec1c3fd5/download/media_superior_2022-2023.csv
f911_ems_2023-2024.csv,f911_ems,2023-2024,6730715,7802e4e48d848945b5ae6cb2a1d84a366959bb1dda9b4dcce86e1e722fdae336,2026-09-30T15:37:18+00:00~,https://www.datos.gob.mx/dataset/59c589fe-c3cd-4134-9e0f-6b04fd9244c0/resource/b3b82081-b4fe-4d3c-8c24-813c2c6f550f/download/media_superior_2023-2024.csv
f911_ems_2024-2025.csv,f911_ems,2024-2025,6578095,5ce996750663d7ec8a11b983f6f14d0b02cfd1d9a9102f2da0031241bed810c6,2026-09-30T15:37:19+00:00~,https://repodatos.atdt.gob.mx/api_update/secretaria_educacion/registro_alumnado_personal_docente_educacion_basica_media_superior_formato_911/educacion_media_superior_2024_2025.csv
f911_superior_2019-2020.csv,f911_superior,2019-2020,2469957,8cfa7cdb53e11a20e07b3c57bd386eba0b493b08b7b2591118e49904ce769373,2026-09-30T16:01:26+00:00,https://www.datos.gob.mx/dataset/59c589fe-c3cd-4134-9e0f-6b04fd9244c0/resource/f53ca47c-89b6-403e-89e9-0d567c648fca/download/superior_escolarizada_2019-2020.csv
f911_superior_2020-2021.csv,f911_superior,2020-2021,2510700,d9f6e05dbe459277f22724d5d1f9fedb9c4475eed901c19264ae8c75f789f310,2026-09-30T16:01:27+00:00,https://www.datos.gob.mx/dataset/59c589fe-c3cd-4134-9e0f-6b04fd9244c0/resource/a44c64b8-7202-4789-a5f8-ca0c255e1e71/download/superior_escolarizada_2020-2021.csv
f911_superior_2021-2022.csv,f911_superior,2021-2022,2565627,52e0e151bad6b1c231902dc89ed13003dcfd711fe326ec5ea62a1bc431a1d414,2026-09-30T16:01:27+00:00,https://www.datos.gob.mx/dataset/59c589fe-c3cd-4134-9e0f-6b04fd9244c0/resource/d2782210-4573-4d16-922f-e5ccbb85f2bb/download/superior_escolarizada_2021-2022.csv
f911_superior_2022-2023.csv,f911_superior,2022-2023,2630346,f7ec49fd04a5e39b9bb96d0d3374dcacc4c2c2637b4347632f8067afc88d74e6,2026-09-30T16:01:28+00:00,https://www.datos.gob.mx/dataset/59c589fe-c3cd-4134-9e0f-6b04fd9244c0/resource/b0a9ed9b-36be-4afd-9c95-b9a11a9d0ea8/download/superior_escolarizada_2022-2023.csv
f911_superior_2023-2024.csv,f911_superior,2023-2024,2674818,00bfe28f64d48ee44bb8d0448b0ae6a9e4616b95ba13076a25ac0eb174eebf02,2026-09-30T16:01:28+00:00,https://www.datos.gob.mx/dataset/59c589fe-c3cd-4134-9e0f-6b04fd9244c0/resource/ecd6b2d1-6698-4918-af23-6a122b6dd915/download/superior_escolarizada_2023-2024.csv
f911_superior_2024-2025.csv,f911_superior,2024-2025,2640708,04846f3111148dfa48e4276361952205f84b9085c395952e8b9f90c912069005,2026-09-30T16:01:29+00:00,https://repodatos.atdt.gob.mx/api_update/secretaria_educacion/registro_alumnado_personal_docente_educacion_basica_media_superior_formato_911/educacion_superior_escolarizada_2024_2025.csv
inegi_iter_guerrero_2020.zip,inegi,2020,1719376,af2abe127d4472ec8ec4b5e7276560c954d3254e049cfeb1a6a99f177eb69d52,2026-09-30T15:39:44+00:00~,https://www.inegi.org.mx/contenidos/programas/ccpv/2020/datosabiertos/iter/iter_12_cpv2020_csv.zip
inegi_iter_nacional_2020.zip,inegi,2020,36615814,9342fdbd45bda5897f2b827a12904843b6f8fb85d4e72da299e09e4d2422ab60,2026-09-30T15:43:16+00:00~,https://www.inegi.org.mx/contenidos/programas/ccpv/2020/datosabiertos/iter/iter_00_cpv2020_csv.zip
