cve_inegi,abandono,abandono_g01,abandono_g2,abandono_g3,alumnos,alumnos_por_docente,alumnos_por_grupo,pct_privado,planteles,cobertura_15a17,abandono_covid,nom_mun,indice_rezago_social,grado_rezago_social,lugar_nacional_rezago,i_sdsalud,i_ptierra,i_nosan,i_noagua,i_nodren,i_noelec,i_nolav,i_noref,i_analf,i_asistesc,i_edbasinc,pct_pobreza,pct_pobreza_extrema,pct_carencia_rezago_educativo,pct_carencia_serv_vivienda,pct_carencia_alimentacion,pct_ingreso_bajo_lpi,pct_pobreza_nna,pct_carencia_educativa_nna,pct_carencia_alim_nna,pct_hli,grado_prom_escolaridad,pct_15ymas_sin_escolaridad,pct_viv_con_internet,pct_viv_piso_tierra,tasa_desocupacion,pct_pea,asistencia_15a17,asistencia_18a24,pct_12a14_no_asiste,pct_hogares_jefa_mujer,pct_sin_derechohabiencia,pct_con_discapacidad,alumnos_superior,tiene_superior,brecha_covid
12001,8.951475377891144,15.30902898345939,11.770000618434766,-3.1459527142066936,30334.333333333332,12.638770253640109,33.01487725879543,13.452653217340197,103.66666666666667,76.41467449261489,9.50636322612225,Acapulco de Juárez,-0.580997,Bajo,1639,27.954657,7.076217,5.016086,6.924526,4.094755,0.388847,41.579374,10.339581,5.840108,5.046852,29.747092,52.1,16.7,16.3,29.2,34.6,60.9,63.866772,10.233078,41.007351,1.6005402942325218,9.87,6.469121917935038,47.60275807863382,91.53328807988424,1.9808975601139809,66.00050746278892,80.60306824193265,36.630394081403395,7.1703303701062175,39.423643736267664,27.954656821872682,6.316078433384729,26379.0,1,0.5548878482311057
12002,19.562378165835366,23.282245271195546,15.284903529593997,17.963307660277355,454.6666666666667,12.410302783986994,13.511883541295306,0.0,11.0,27.605747824327057,26.721514313938748,Ahuacuotzingo,1.658613,Alto,183,16.060305,21.506494,17.679654,16.536797,23.411255,3.532468,72.329004,28.744589,26.612604,8.736609,70.62028,93.2,49.6,38.1,89.7,39.5,93.3,95.443901,10.00528,41.951326,21.9541358841867,5.27,22.031694936238704,13.259477237320409,78.46633200623161,0.998914223669924,57.01374272625975,50.57680631451123,10.438626317579054,19.26829268292683,32.78518262073741,16.06030549494148,7.415195397738544,0.0,0,7.159136148103382
12003,13.063852168155412,18.854219867538806,7.758190174374291,10.731352188692258,1290.6666666666667,12.63721688052168,22.516880080760853,0.0,10.0,61.78394766235838,8.354377104377107,Ajuchitlán del Progreso,0.846409,Medio,431,35.931483,18.604399,17.477517,13.728465,19.102828,2.633005,62.151912,16.816557,17.241783,6.398852,56.357469,64.7,26.2,30.4,80.9,24.5,65.2,73.608397,11.707027,24.289062,0.9013876251137397,6.87,16.126642492299293,13.88019427954668,81.00377765785213,0.8511688151483378,63.21597067883183,70.03350885591192,22.54901960784314,11.05121293800539,26.422018348623855,35.93148320276192,7.08803611738149,0.0,0,-4.709475063778305
12004,17.293433368361885,23.8237639553429,16.993006263634253,3.346076913150083,320.6666666666667,18.213450292397663,22.369230769230768,0.0,4.0,23.73550456452011,25.336661089931706,Alcozauca de Guerrero,2.072817,Muy alto,111,15.797409,22.533466,26.202281,3.569658,30.614774,1.289043,75.061973,33.366386,38.67084,13.122084,76.065495,94.8,59.6,47.6,83.2,45.5,95.1,96.618605,19.059656,48.837209,89.0188601463465,4.6,33.82293924070953,11.441307578008916,77.38979692917286,5.715299964501242,22.610161329159645,34.27091043671354,7.707667731629393,25.360050093926112,28.999504705299653,15.797408716136632,5.460541813898704,0.0,0,8.04322772156982
12005,24.22556389200246,28.345233235515366,14.55572675911659,26.93940734188412,352.0,20.66722408026756,19.555555555555557,0.0,3.0,73.94957983193278,12.602813484425573,Alpoyeca,-0.133817,Bajo,1160,16.024574,5.578728,2.86757,3.962461,3.962461,0.625652,40.458811,15.067779,16.333459,4.328453,51.433421,70.5,18.7,29.0,50.2,27.7,72.0,76.852494,7.463742,31.623629,18.967636214666122,7.31,14.107883817427386,17.680707228289133,94.17576703068123,1.4311270125223614,63.259147491512635,71.21848739495799,22.854188210961738,7.205623901581722,31.87727509100364,16.024574427236658,8.293869192371687,0.0,0,-11.622750407576886
12006,16.054138590095484,25.368384373123703,14.155555691531996,4.906507620099213,527.6666666666666,8.377638688279035,13.789285714285716,0.0,7.0,81.30457113507961,13.742434259269814,Apaxtla,0.207002,Medio,836,28.599712,11.519945,9.456671,13.308116,10.316369,1.856946,49.415406,12.998624,12.384905,6.508876,48.994942,78.2,34.3,27.5,70.9,21.4,79.9,85.695259,9.190296,22.995042,1.0083549409392105,7.8,12.358967708468422,16.454826520096187,88.35451734799038,0.40816326530612246,60.36830501880431,72.72727272727273,23.756432246998283,11.058451816745656,29.096530401923737,28.59971202303816,5.255579553635709,0.0,0,-2.3117043308256697
12007,14.004227274607445,28.682392962307294,10.057385807899948,-4.651604155922095,1390.6666666666667,12.138218886588453,22.20682123655914,0.0,10.0,80.5716492854384,15.603297891392453,Arcelia,-0.18522,Bajo,1209,30.336369,11.391978,6.628469,9.538254,7.089091,1.067296,38.422649,11.459387,10.403634,5.025997,41.811638,63.9,19.7,21.9,56.2,17.7,66.5,70.98595,6.931043,18.533814,0.8188331627430911,8.41,9.962293255634588,28.178770949720672,88.11173184357541,1.0176347892042223,67.79072756877196,68.6558516801854,22.584238373712058,9.454949944382648,32.625698324022345,30.33636937505636,5.966874079418042,311.0,1,1.5990706167850082
12008,4.133014754875141,21.27323604115545,19.52296339766997,-34.63147627884747,222.66666666666666,12.643790849673202,18.555555555555557,0.0,4.0,46.680642907057994,7.47432134996332,Atenango del Río,0.628686,Medio,543,13.632885,12.474521,10.150836,22.421525,11.210762,1.752956,50.50958,13.779046,16.204857,6.962415,60.305106,73.9,20.9,36.3,72.9,18.4,74.9,79.050366,10.225885,20.970696,7.493871833780787,6.46,14.430261519302615,12.276422764227643,87.27642276422765,0.8084074373484236,57.76774595267746,53.0398322851153,10.33434650455927,13.157894736842104,32.96747967479675,13.632885098939543,9.041215699136329,0.0,0,3.341306595088179
12009,18.90467126936839,25.032092426187422,26.11577094335715,-3.5836073559858743,110.66666666666667,6.272331154684096,12.296296296296298,0.0,3.0,27.736006683375106,9.693512304250557,Atlamajalcingo del Monte,3.055902,Muy alto,25,11.048012,44.96063,30.393701,10.393701,62.283465,4.724409,95.905512,66.456693,29.500965,8.135861,64.350703,95.3,66.5,39.1,94.9,56.3,95.5,96.897884,14.198535,59.519935,94.9700822737472,5.93,22.994210090984286,3.3751962323390896,54.866562009419155,12.809917355371901,40.033085194375516,51.12781954887218,12.5,14.698795180722891,32.10361067503925,11.04801239029427,6.005850972293925,0.0,0,-9.211158965117832
12010,12.784403877038178,23.16392384891455,15.837984102824288,-6.62013317665492,700.0,11.240583977426084,18.437946043209198,0.0,12.0,35.300050428643466,8.546378531276593,Atlixtac,2.34953,Muy alto,72,11.775648,30.878929,15.788708,14.770081,35.855646,3.856228,89.871944,62.98021,30.58694,7.631842,66.77096,96.3,57.1,39.5,84.0,26.5,96.6,97.682226,13.059501,28.560461,64.81587048227112,5.32,27.649342372095717,7.022390229717941,69.00261703983716,7.596240504699369,45.00260733530332,54.36207766011094,11.803673592291478,15.973741794310722,36.15876708345449,11.775648450387841,4.42946895510863,0.0,0,-4.238025345761585
12011,12.222900233613027,16.58168506536393,16.108850598351975,0.20471220636720075,2593.6666666666665,12.456849652874554,23.11585872242088,0.38892561072822085,22.0,73.87259090477546,16.530862484270592,Atoyac de Álvarez,0.031814,Bajo,989,23.968359,16.182853,5.546474,2.542134,6.747083,1.488078,59.252579,19.187194,9.800536,5.096811,40.072243,52.9,15.2,19.8,40.3,28.8,56.2,63.574596,9.459837,30.042444,1.55859483476812,8.38,9.882320868735517,21.771923899583474,83.63728470111448,0.8132424038677041,70.95506383752101,78.75249216747365,23.408624229979466,7.2370348666862,32.60159855904537,23.968358602504942,6.320039551746869,21.0,1,4.307962250657566
12012,12.262096285003663,15.382619589398798,14.823649160180338,5.015838763619622,2475.0,13.73936306811352,25.933236509810268,1.7669841388448722,17.0,50.407331975560076,14.676841164549952,Ayutla de los Libres,1.604785,Alto,197,16.823633,23.314322,30.532319,7.224335,32.74398,4.683143,81.387833,35.918885,17.837104,7.093213,52.616227,75.9,28.4,25.3,81.7,27.9,76.7,82.692508,9.781331,30.200776,34.48773224975961,7.23,15.096188101175633,8.333333333333334,76.49848254931715,0.43630535438679807,75.01781261132882,64.949083503055,16.774269280431977,15.205281617495357,32.27744056651492,16.823633233511277,4.6438956642506835,1062.0,1,2.414744879546289
12013,9.278114110220592,13.989498001015585,21.57303989840692,-11.855642624873388,589.0,12.811816904786378,22.653846153846157,0.0,6.0,67.62342135476463,14.147498424439215,Azoyú,0.514385,Medio,602,30.160938,10.631849,8.88319,22.476102,12.124038,2.05176,67.241781,22.103054,16.069429,3.340595,46.948488,56.5,16.1,25.8,82.8,42.0,57.0,63.462708,5.91276,43.295058,7.1999439147504205,7.48,16.06942889137738,7.733395262424524,89.01532745006968,1.2661829563238014,65.59350503919373,77.84156142365097,21.164021164021165,5.92755214050494,28.797027403622852,30.160937810451024,8.51049738393271,0.0,0,4.869384314218623
12014,12.183180598819165,19.34758846523552,11.428095747940779,3.8354076881115957,1025.3333333333333,18.345959595959595,29.295238095238094,0.0,4.0,122.7944111776447,11.700129891554162,Benito Juárez,-0.436513,Bajo,1464,27.956223,6.530369,4.168321,3.394204,4.208019,1.528384,45.653037,14.787614,7.500209,4.717401,35.287731,27.2,4.7,17.6,28.4,32.1,28.2,36.432175,5.895919,36.610979,0.6521446819954283,9.04,8.293660736657479,26.544306295638446,92.9346753503059,1.0019518542615484,64.1860853587238,81.437125748503,29.559748427672957,6.878306878306878,34.1819617130452,27.95622328713897,8.44450200751198,0.0,0,-0.48305070726500254
12015,18.397231822479885,20.775094788252684,11.620441705187467,20.634920634920633,374.6666666666667,9.148761130468449,17.387161084529506,0.0,5.0,50.0891265597148,17.965869851702337,Buenavista de Cuéllar,-0.613283,Bajo,1676,21.529811,3.483454,2.264245,3.70739,2.164718,0.497636,35.008709,8.758398,7.757029,3.871625,42.37636,52.5,11.2,20.5,29.9,15.5,57.2,61.655056,4.863755,18.530696,0.688537869582827,8.09,8.721526780217525,24.58405761112491,96.29997516761857,0.5935645110902843,65.68848758465012,77.40641711229947,24.199288256227756,6.056129985228951,32.406257760119196,21.529810506855647,7.687567401016793,0.0,0,-0.431361970777548
12016,32.70247591833495,40.10207648899226,29.077244891198376,5.675805675805679,184.0,12.92063492063492,23.883597883597883,0.0,3.0,27.963525835866264,20.45755968169761,Coahuayutla de José María Izazaga,1.847462,Muy alto,145,5.359446,26.630279,37.403045,21.832807,41.396151,3.188739,43.091066,13.530595,18.885017,14.279091,69.60511,66.5,22.5,39.6,89.4,16.2,66.6,77.208552,19.298546,17.898918,0.008614006374364717,5.57,20.603948896631824,21.76909821941413,73.34865020103389,0.24282560706401765,52.613240418118465,44.52887537993921,8.823529411764707,23.142857142857142,19.500287191269386,5.359445519019987,5.069310122501612,0.0,0,-12.244916236637337
12017,12.427259795680845,39.66273822322963,-1.0935306124856934,-14.639023721281852,525.3333333333334,8.33862433862434,26.266666666666666,0.0,4.0,71.18337850045167,15.157315731573163,Cocula,-0.014041,Bajo,1030,37.743116,12.468016,6.46662,7.071412,6.582926,0.651314,43.568272,9.909281,11.481213,9.929342,51.343256,56.5,17.1,28.6,58.6,22.7,58.5,65.705488,9.119955,24.565007,0.44998977295970544,7.48,11.154474496278816,18.758716875871688,87.44769874476988,1.58777266656774,61.163550553639496,61.78861788617886,20.101066816395285,18.514150943396228,30.288238028823802,37.74311573271712,6.431735027922203,445.0,1,2.7300559358923184
12018,9.889590677634155,11.923326835607538,12.906551138779927,3.963531156572287,453.6666666666667,13.08169934640523,19.72463768115942,2.057821551528645,4.0,53.122560499609676,7.375927742060467,Copala,0.17581,Medio,861,23.045011,10.361446,12.698795,5.180723,13.253012,1.686747,45.325301,18.939759,14.388066,4.251245,46.422613,66.5,21.3,24.6,67.3,41.8,68.6,73.73161,7.406272,43.360107,3.3374807875283614,7.67,14.319364020021592,20.561420345489445,89.2274472168906,1.018750922781633,66.47364805182059,78.22014051522248,19.972733469665986,6.923950056753689,35.9404990403071,23.04501140842149,7.211505220217106,0.0,0,-2.513662935573688
12019,20.843711843711848,30.5734404898584,26.207509881422926,-2.363818976722207,321.3333333333333,10.235907461713914,18.546296296296294,0.0,5.0,31.106808647950952,9.036282363002629,Copalillo,2.749238,Muy alto,42,12.161816,33.170451,20.925553,67.778097,39.925266,2.874389,83.443518,29.31877,26.934772,11.543287,69.063266,94.2,57.8,45.4,95.7,33.2,94.3,95.984142,18.474469,36.267047,73.39588795363599,5.42,25.23786169691025,17.897155989658145,66.79115196782534,5.429864253393665,52.02550269740069,49.37076476282672,8.9178901576944,26.237623762376238,32.0310255673657,12.161815617386845,3.7184254391588665,0.0,0,-11.807429480709219
12020,13.20748308650539,18.066659086902003,15.170723461798511,4.073505148773963,431.6666666666667,11.07461763382816,20.555555555555557,43.97421013596048,5.0,26.76172762967555,12.6663350329561,Copanatoyac,2.546531,Muy alto,53,14.065965,25.158609,37.366003,14.810764,42.660249,2.647123,92.21177,50.557865,29.892863,10.90134,70.26558,95.3,61.7,44.2,86.6,45.2,95.7,96.877179,16.577814,47.611236,88.49949647532729,5.35,27.214425833710578,5.206971677559912,74.53159041394335,4.028801645808332,44.00935566621397,39.92560446373218,11.239901650860554,24.984500929944204,39.01960784313726,14.065964523281597,5.9913155949741315,0.0,0,-0.5411480535492892
12021,9.123902563277285,17.73688105867141,12.361377646547155,-5.743302111426556,3044.0,15.932152074377697,29.94564162298583,0.0,21.0,70.05753739930955,8.238919611102446,Coyuca de Benítez,0.151475,Medio,878,25.895204,12.983361,10.049215,8.197797,10.363253,1.354582,56.212796,18.382939,12.245939,4.315079,41.947488,65.5,27.3,23.7,59.3,29.5,67.9,74.856545,9.551567,31.481748,0.571321667050426,8.09,12.52550056667926,26.046685690227815,86.78018431023997,0.9547809043819123,67.46316584812996,77.90563866513233,21.392081736909322,6.7551266586248495,35.19202881601721,25.89520367936925,5.7558585194918965,180.0,1,-0.8849829521748394
12022,10.452033191268251,15.689505333207796,9.115097556267257,4.1002818471246245,1002.6666666666666,9.447578725779293,28.12645502645503,0.0,7.0,57.393627170387326,7.746046026110305,Coyuca de Catalán,0.712881,Medio,501,33.838253,18.773911,14.546981,13.968461,12.111598,3.331156,44.163479,16.030606,16.853339,10.494021,55.986725,63.6,25.7,32.6,71.7,41.2,64.4,73.900939,15.314998,44.672412,0.18441285783187222,6.78,17.18897311158879,23.606710158434296,77.93103448275862,1.372841346751149,60.7082249123204,59.4733829421866,20.24652504589562,16.8111753371869,30.661696178937557,33.838252840172224,6.889038750842974,552.0,1,-2.7059871651579464
12023,11.40893661129926,15.35101245699209,11.217620469074596,5.582633758721356,1064.3333333333333,12.38270680413761,27.145767195767196,0.0,8.0,68.53402017600344,15.989750568822164,Cuajinicuilapa,0.354782,Medio,695,20.666992,10.194175,10.463862,7.928803,11.407767,1.725998,41.990291,19.255663,18.290456,6.931449,53.582296,62.6,16.4,32.3,59.6,42.8,63.9,70.122202,9.538213,45.6342,5.802947402052798,7.02,17.687413554633473,15.970449966420416,89.29482874412358,3.367183324425441,51.756569847856156,70.3155183515776,22.120518688024408,10.180337405468295,35.057085292142375,20.666992150824353,6.9253013858113945,612.0,1,4.580813957522903
12024,14.148966155692094,29.746820301353655,13.264750467275961,-3.9103130212932995,265.3333333333333,14.74074074074074,22.11111111111111,0.0,3.0,53.279785809906286,14.428132468419259,Cualác,0.665699,Medio,524,10.998222,10.203046,7.461929,12.690355,14.213198,2.893401,62.48731,29.64467,15.996863,4.97168,57.40051,82.2,30.5,33.7,67.9,34.1,82.8,86.462104,7.779633,36.093489,40.905327077008,6.81,12.742599490296021,3.65296803652968,88.99036022323693,0.5595786701777485,59.55694961772202,62.24899598393574,12.45593419506463,9.63855421686747,28.10755961440893,10.998221996443993,6.337312674625349,0.0,0,0.2791663127271651
12025,12.255650548792453,30.89040634753212,11.312633276122122,-9.6842630641277,656.6666666666666,21.18978494623656,27.36111111111111,0.0,6.0,59.860224855666964,8.862001538885083,Cuautepec,1.069738,Alto,347,22.174577,16.567777,22.774989,20.241899,35.349156,0.912825,75.422182,25.74167,14.915523,3.948498,49.67441,76.2,32.7,22.7,91.8,37.6,76.7,84.047686,5.739194,,1.0890777463015424,7.19,14.123548046462513,4.013683010262258,83.35233751425314,1.5457413249211356,55.79021471312918,74.29352780309937,14.34331797235023,6.825938566552901,29.714937286202964,22.174577067669173,5.703712406015038,0.0,0,-3.393649009907369
12026,4.11461123611558,19.3258012202355,9.04518961031411,-18.96821542280503,253.33333333333334,9.396190476190476,14.977777777777776,0.0,5.666666666666667,59.607843137254896,18.345224607281743,Cuetzala del Progreso,1.24265,Alto,298,37.753868,15.680596,9.267687,62.2259,14.770376,1.406703,67.728589,20.314439,16.212172,6.409323,62.437645,79.1,33.2,38.1,87.3,36.4,79.3,83.20549,8.234846,40.030499,3.7567084078711988,6.13,14.915197871632857,8.88797023563456,84.24968995452666,1.977671451355662,52.12836714333223,68.23529411764706,15.92356687898089,11.290322580645162,27.11864406779661,37.75386847195358,7.869922630560929,0.0,0,14.230613371166163
12027,11.724065122268362,27.62327930752482,0.28985507246376646,-1.1427892611071495,440.6666666666667,5.321403900313514,20.6212215320911,0.0,5.0,45.1965811965812,27.193490625658313,Cutzamala de Pinzón,0.209761,Medio,833,46.720553,8.597285,6.900452,7.918552,7.078216,1.648352,29.864253,7.611506,20.992955,11.932515,64.354244,56.4,17.8,38.1,65.1,23.7,57.1,67.599451,13.040469,27.753853,0.05159426271798576,5.94,21.95907413619591,13.93138991786117,91.06136253825093,2.237082066869301,55.18282455551828,54.666666666666664,12.796442687747035,24.301964839710443,29.280077307134803,46.72055314797682,7.610653941666261,0.0,0,15.469425503389951
12028,14.25325457657897,24.54111839539912,15.823318798435638,-5.032755993912619,3084.6666666666665,12.3731958354384,25.012457382638342,13.175902957666466,24.666666666666668,38.44300432037221,15.65909026976849,Chilapa de Álvarez,1.411,Alto,244,25.412619,21.67213,16.44081,18.340036,21.942483,1.561286,78.604981,37.379609,23.448089,7.293823,57.535918,75.2,31.4,27.8,64.9,34.8,77.3,82.348282,8.32324,39.674713,31.13753269020939,6.56,21.79945291899751,20.128161888701516,78.15514333895447,0.4848068976833689,82.60060622489465,55.02243270189432,16.517761418054462,14.24821002386635,40.45868465430017,25.412618612696207,4.456765975331792,102.0,1,1.4058356931895197
12029,12.276571500800442,16.13771459850511,12.422510816485733,6.851584221611469,19605.666666666668,14.712432655530305,32.106975288366655,4.6315814673710864,54.666666666666664,126.71708031713202,11.548726822790993,Chilpancingo de los Bravo,-0.579304,Bajo,1637,27.445175,10.645121,1.549563,9.853061,1.852287,0.494865,45.310535,11.091605,5.478115,4.183358,25.359412,55.5,20.8,14.5,36.6,30.7,59.7,66.008769,7.63845,36.462165,2.931900042924062,10.66,5.741359547724049,57.25165562913907,89.0728476821192,2.008303562807763,70.42430011850874,81.51499482936919,45.01544197434685,6.235263295782028,38.41197571743929,27.4451745872654,4.695539854740007,16433.0,1,-0.7278446780094487
12030,17.82029676951042,18.00175488424889,15.63853001737103,19.91942729368134,1053.0,15.02402792825328,27.747150997150996,0.0,5.0,84.91935483870968,13.69925052093836,Florencio Villarreal,0.228375,Medio,810,25.213483,12.052402,11.947598,18.515284,12.663755,0.925764,44.69869,16.908297,12.761892,5.1377,43.457636,54.3,15.5,22.3,68.6,33.1,55.8,63.480209,7.788056,35.82888,1.3779904306220097,8.19,11.193833179602056,16.318355973528387,87.68721699756182,0.8975012748597654,64.60007906179997,75.88709677419355,21.451229183187944,8.345120226308346,31.835597352838732,25.213483146067414,4.678651685393258,61.0,1,-4.1210462485720605
12031,13.60675116109899,19.307440925087985,25.294486215538843,-11.98467633102608,112.66666666666667,7.511111111111112,12.518518518518519,0.0,3.0,34.88132094943241,4.377022653721685,General Canuto A. Neri,0.782896,Medio,469,39.136668,19.387117,17.13571,16.385241,19.574734,2.626642,55.47217,16.697936,14.405399,5.460751,59.506633,83.9,30.9,32.7,71.4,7.6,84.3,88.672931,11.364653,7.293065,0.15326975476839236,6.59,12.520363043984174,4.497189256714553,80.51217988757027,4.223283143591627,63.36979287875262,64.08668730650155,9.969325153374234,9.836065573770492,27.357901311680198,39.13666772857598,6.196240841032176,0.0,0,-9.229728507377304
12032,12.533581129735026,34.882604878629586,13.227209754349696,-18.079300071279317,1175.3333333333333,13.6279266780312,15.914836504406557,2.6058467338097246,22.0,45.66174566174566,10.342098748452756,General Heliodoro Castillo,1.6752,Alto,179,20.800451,41.233574,14.620575,17.509175,16.396354,4.261868,73.825027,41.789985,14.638394,7.002602,61.309705,94.6,57.7,31.8,83.9,47.0,94.8,96.748929,10.275231,48.21245,0.2150225192503269,6.39,11.216092654678452,8.837429111531192,58.636578449905485,1.4658515743114442,66.23851613184134,57.88655788655789,9.986801583809942,14.311792625045637,34.75897920604915,20.80045095828636,5.390025232189832,79.0,1,-2.1914823812822704
12033,19.089068883266858,19.710229459913812,18.577810635931655,19.9629299492957,628.0,9.562700229911052,24.151547958214625,0.0,4.0,63.17907444668008,21.621680930436696,Huamuxtitlán,-0.225142,Bajo,1248,21.346066,6.439722,3.902862,2.515178,4.076323,1.040763,34.648742,13.486557,14.409579,5.97534,48.232865,73.9,28.8,24.4,61.3,34.5,75.3,81.421213,6.448508,38.424779,16.340747983378147,7.62,14.095788604459125,22.5974025974026,93.3982683982684,1.3388673182487616,61.676300578034684,72.1327967806841,21.3744315310763,10.738916256157635,32.01298701298701,21.346065873741995,8.257090576395242,260.0,1,2.532612047169838
12034,2.650543435528759,26.3109294512316,10.606954509059838,-40.13535632041472,1275.6666666666667,10.128002601999444,24.689648567076876,0.0,8.0,67.7105449398443,17.35742396721158,Huitzuco de los Figueroa,0.383238,Medio,676,13.969885,10.682013,7.314753,29.078284,11.519072,0.570722,49.652811,10.491772,12.776061,8.001368,50.727369,64.2,21.2,28.3,66.5,27.2,66.0,74.579871,10.163139,30.195535,4.7919697410532445,7.47,12.39541720057285,22.704396543538124,88.77599468236635,1.4155900352352104,60.96706112911736,64.54352441613588,21.060883198327673,13.611416026344676,37.983097521602886,13.969884950673626,7.640805618560927,0.0,0,14.706880531682822
12035,13.04530504721244,17.10060843361992,11.378625266199528,8.839773965128742,7035.333333333333,13.583889006225547,31.26933640024348,1.5194108601087741,20.666666666666668,87.09251464884046,13.832224502084152,Iguala de la Independencia,-0.484134,Bajo,1524,29.791209,11.830623,1.239911,15.739853,1.50427,0.488946,43.396889,8.88525,5.257979,5.166961,29.326083,54.5,21.1,17.4,42.4,31.3,59.5,63.77328,8.412275,35.196687,1.7804093507344956,10.03,5.901938907289132,50.21691468022578,87.75948127070019,1.6246022236823459,68.19032391260421,78.88091111661302,39.422860992589264,8.177215189873417,37.89476139385175,29.79120857737736,4.974930759601227,5730.0,1,0.7869194548717129
12036,6.781077933840333,9.372010135015914,15.944459208078662,-7.122374641556224,551.0,14.37179487179487,20.40740740740741,0.0,8.0,70.73170731707317,9.817923485765405,Igualapa,0.954925,Medio,399,25.078797,20.172242,14.375621,14.011262,20.006625,2.848625,76.647897,25.604505,16.968469,4.615385,49.132582,76.1,33.8,22.3,79.8,42.8,77.2,80.96311,5.904602,43.013368,20.845784659965588,7.35,16.01874129416234,6.190003310162198,79.77490897053956,1.274787535410765,62.58072685830062,78.30551989730424,22.206095791001452,7.875894988066825,34.35948361469712,25.078797171820426,6.576369367067041,0.0,0,3.0368455519250723
12037,5.176576253744236,17.48847098098702,8.114306901848613,-15.228421843294205,185.66666666666666,11.604166666666666,19.21851851851852,0.0,3.0,60.08629989212514,4.005319148936176,Ixcateopan de Cuauhtémoc,0.211931,Medio,832,17.02509,11.355529,9.21522,6.777646,9.571938,0.653983,60.642093,16.052319,11.772458,4.603854,52.66857,73.6,23.0,32.0,53.5,33.3,74.7,80.033819,8.584807,38.917794,1.8288474810213942,7.49,8.25829123654733,14.124629080118694,88.486646884273,0.83424011606819,60.55348122117285,69.25566343042071,27.890173410404625,8.540925266903914,32.225519287833826,17.025089605734767,7.086999022482893,0.0,0,-1.1712571048080598
12038,10.406925138211312,17.72296098188353,18.41692978737349,-15.101248219201906,4787.333333333333,9.480315867187912,32.197704101213525,19.8256140805379,22.0,76.51164029620158,11.730966446953234,Zihuatanejo de Azueta,-0.671834,Bajo,1742,24.153777,6.648608,2.985035,6.568149,1.657459,0.560532,30.402832,8.590356,5.998359,5.493939,32.74706,45.9,11.2,17.0,26.0,22.3,53.1,53.544649,9.846463,25.082021,1.9784584829272018,9.29,7.783429040196883,52.92968227200942,91.68071950534008,1.2495960357643003,71.07574514629478,76.88988333066965,29.33441081398766,8.133896449241357,34.2113011590246,24.15377655732891,5.423766478043825,2334.0,1,1.324041308741922
12039,9.41918740416863,13.987005597561753,12.136941689107042,0.9633709943307478,1169.0,10.725387551704245,28.2938443670151,0.0,7.0,78.19397993311037,10.241961638250558,Juan R. Escudero,-0.07409,Bajo,1097,22.918024,7.036726,4.70984,7.485282,4.821979,0.728904,57.737595,13.821138,12.234467,4.997808,46.382367,74.4,31.5,24.1,73.6,37.2,76.1,81.392595,6.181385,39.23323,1.287240932642487,7.88,10.541447053186392,18.172915500839395,92.7811975377728,1.7651052274270196,62.737581855933556,77.9933110367893,25.730795377294356,8.115358819584172,33.57582540570789,22.918023991108726,7.2203272908442875,0.0,0,0.822774234081928
12040,17.92397270997576,35.84199587354177,17.991185782699315,-11.81804005037844,884.3333333333334,13.194302551414053,22.520175438596493,0.0,11.0,62.941874258600244,15.161047100680943,Leonardo Bravo,0.56019,Medio,575,19.789809,22.251676,4.740371,2.697645,4.677998,1.418993,68.158428,27.070014,15.788266,6.057674,53.9485,87.9,36.0,25.2,67.3,26.0,90.3,92.128449,7.592529,27.253235,0.45584045584045585,6.91,13.832654699776338,11.820588693349945,77.65145615947672,1.2231089521165857,66.112289958135,64.48398576512456,14.835680751173708,11.306532663316583,27.036287182681825,19.78980915885723,5.933907500853663,0.0,0,-2.7629256092948182
12041,12.665767600675196,21.150765069304395,13.381848761597738,1.3572355888603358,1241.6666666666667,14.541827685869587,27.4024154589372,0.0,12.0,54.411335086181715,8.892709922693237,Malinaltepec,2.079635,Muy alto,109,19.848101,39.114281,26.021697,7.058998,49.42785,6.464556,90.830733,55.80324,16.752535,2.565187,45.273605,88.5,50.0,19.9,94.0,47.6,88.6,92.555197,4.885872,49.537887,87.97869642404261,7.77,13.422636802429633,3.5597745476119846,60.76831800652625,0.9189102047396421,67.28130592765335,80.28045574057845,27.851140456182474,4.210104250200481,35.56808068822308,19.848101265822784,7.024472573839662,256.0,1,-3.7730576779819582
12042,9.538427538315709,22.30705009276438,9.8089042353989,-4.637589848857455,271.6666666666667,30.676190476190474,30.185185185185187,0.0,2.0,25.897680330473467,9.3908581383019,Mártir de Cuilapan,1.13742,Alto,323,23.977865,20.596708,4.753086,12.81893,17.386831,0.781893,76.646091,29.135802,25.607739,7.734807,64.461717,85.6,40.0,35.1,81.9,23.3,86.3,91.349043,12.69625,24.635367,40.9708626050904,5.73,25.442368116421367,16.002465078060805,79.21117502054231,0.7755187591699854,78.89862741855465,55.48141086749285,16.53620352250489,16.15508885298869,37.11996713229252,23.977864933111267,4.910546392306452,0.0,0,-0.14756940001380947
12043,16.30569244437577,24.070919184063143,19.060336452421126,1.26546675234217,468.3333333333333,12.224301224301223,19.795893719806767,0.0,8.0,35.533636823469905,21.45554492282209,Metlatónoc,2.911277,Muy alto,31,7.858317,29.694775,30.574237,3.931712,52.793585,5.871702,92.47284,61.84687,37.984278,9.04277,71.935242,97.7,67.8,43.2,92.0,45.5,98.0,98.458666,15.186686,47.410489,96.45653308588993,4.86,34.65281676960509,9.562982005141388,69.82005141388174,21.233655486071633,32.921579636908106,49.317147192716234,11.549165120593692,18.742368742368743,33.084832904884315,7.858316983933401,3.9503685243119997,0.0,0,5.14985247844632
12044,7.1231563144008065,13.610782768584189,5.962219598583233,1.6150230558463872,394.3333333333333,16.255652173913045,21.90740740740741,0.0,4.0,55.38389513108614,6.052276642436492,Mochitlán,0.199186,Medio,843,17.537494,19.729979,4.725376,2.761583,4.633323,2.08653,60.693464,18.563977,11.308254,4.408353,44.570466,69.1,25.5,21.5,65.0,34.3,71.8,75.326284,6.294716,37.204349,0.9457271875266252,8.08,11.386861313868613,27.214220042905303,80.17162120747778,1.2669683257918551,62.043795620437955,76.40449438202248,29.6028880866426,7.091172214182344,33.987128409439165,17.537493952588292,5.345911949685535,0.0,0,-1.070879671964314
12045,11.891839774234448,20.069047341191112,11.257122507122508,1.197227114195935,709.3333333333334,19.18369685474949,26.947768281101617,0.0,6.0,41.288319751649205,14.566905067546916,Olinalá,1.810943,Muy alto,151,19.630176,16.91475,19.380544,49.64667,28.341603,2.916855,65.539017,34.897008,22.224615,9.67963,62.862065,88.7,45.9,32.2,86.2,42.0,88.9,93.371037,9.776828,44.818522,38.321900936067,6.19,21.373963605039304,23.177317731773176,82.86828682868287,0.4681796540231709,67.84752880370411,47.84633294528521,14.03084366495313,23.519826181423138,31.233123312331234,19.63017647472404,7.104689587288195,2.0,1,2.6750652933124677
12046,12.720698096799751,17.328948995360083,9.843382038136712,10.230675035964005,3585.0,12.713741572777579,31.286416115118612,3.812722463451299,24.0,78.12159511876226,9.86912853201693,Ometepec,0.6477,Medio,538,29.387013,14.759912,12.283455,16.480642,13.94024,2.929892,71.578886,25.136612,16.013295,4.574025,41.620505,68.2,31.1,23.8,69.6,51.6,69.2,77.266669,7.657504,53.321839,30.56520317099382,8.36,14.728566558718255,20.273956700911253,85.04266063033258,0.8782547501759325,75.68817112664053,76.74874700370451,30.07493188010899,8.383101083831011,36.40373788380057,29.387013063175335,5.168091251631064,2584.0,1,-2.851569564782821
12047,8.896507972941093,28.650156180276657,6.873947602555899,-19.700712723968547,161.66666666666666,5.839065255731922,9.152505446623094,0.0,6.0,38.95582329317269,11.696306429548564,Pedro Ascencio Alquisiras,2.12233,Muy alto,104,10.641605,24.346793,37.054632,26.187648,42.814727,5.819477,66.448931,32.83848,15.626982,8.765522,70.014802,89.6,37.5,42.0,81.5,14.9,89.9,92.717456,14.755917,15.754438,0.0758150113722517,5.78,10.890251638824276,4.92874109263658,75.65320665083135,3.565267395054629,36.77310213575809,47.71084337349398,9.936305732484076,18.689320388349515,27.96912114014252,10.641605426794799,6.472583380440927,0.0,0,2.799798456607471
12048,19.412684769485367,21.626870318979908,21.59296517895525,12.964803800987312,1562.0,18.75421742001664,29.47569388449892,0.0,9.0,66.2144976685036,12.804509052710717,Petatlán,-0.205994,Bajo,1227,28.710495,10.151539,6.053812,3.819391,6.850162,1.136539,32.441627,11.040668,9.995905,10.413885,45.061903,55.0,19.0,25.9,47.7,39.1,59.3,66.781359,12.760185,42.319995,0.5717961546708599,7.96,11.879784519421605,38.7449892075239,89.53129818069688,1.285605046836169,65.91689506347856,64.77320898685883,29.7382005899705,15.552099533437014,32.13074313906876,28.710495031738557,6.843415651705807,1778.0,1,-6.6081757167746495
12049,18.923495014681357,32.23579500807224,-9.863586443421127,32.92255027813436,262.0,20.153846153846157,32.75,0.0,2.0,39.87823439878235,7.98076923076923,Pilcaya,-0.113681,Bajo,1138,30.965263,3.887025,6.347875,7.857942,6.571588,1.733781,45.357942,20.162192,7.62158,7.630162,52.043868,62.1,15.0,26.6,42.2,17.6,63.8,69.896727,11.536338,18.557733,0.1575586698731238,7.54,6.170377755622023,24.113871057772815,95.92520234440413,1.4357377616329354,64.04120970422068,66.05783866057838,19.53867028493894,15.567282321899736,33.74267373709182,30.96526307535482,9.260566141300087,0.0,0,-10.942725783912127
12050,14.828957394536351,19.191599825074622,9.616279275697666,14.105603813580446,2104.0,11.654383900477006,28.276185441589664,1.6304176545573774,9.0,108.45360824742268,16.418714292199244,Pungarabato,-0.586999,Bajo,1646,47.591082,6.449076,2.369249,4.168305,2.202123,0.422729,42.154935,8.720016,8.876851,6.342528,37.757313,52.7,15.4,20.8,33.1,34.5,55.5,61.425814,10.386648,36.644223,0.3136262345594102,8.97,9.624413145539906,38.887256342442946,93.21187187775492,1.6892263673379553,65.63380281690141,77.26804123711341,31.49270482603816,9.695817490494296,35.90949162503673,47.59108154461826,5.84429083727457,2205.0,1,1.5897568976628929
12051,12.603797390371353,28.050804885033813,20.494497885440968,-19.804664553026004,1168.6666666666667,9.064728862071632,16.300469483568076,1.4704084634762495,20.0,47.99452429842574,11.865552945637637,Quechultenango,0.924252,Medio,411,20.692804,21.840107,9.792318,5.739169,13.164359,1.540866,71.873604,27.177311,21.141834,5.93083,58.536687,94.2,56.4,34.5,84.2,42.2,94.8,96.054757,8.900844,42.753534,13.767257213959827,6.35,18.09777629715999,12.688148065559147,78.04660497268368,1.4359602558867566,61.18930623802782,60.369609856262834,15.297646515920627,12.678494158372999,36.715352882149624,20.69280358575658,6.097999612649752,0.0,0,-0.7382444447337164
12052,15.503519984080256,18.34552787778882,13.419761232332155,13.896416606060695,1991.6666666666667,16.186755337465566,27.16117487350364,0.0,16.0,57.00248044266362,12.889105058365757,San Luis Acatlán,2.228403,Muy alto,93,20.300411,37.183125,34.421112,14.614075,42.858494,5.987514,87.13583,42.054484,19.81107,5.507592,51.666445,86.0,47.8,25.6,90.8,53.9,86.3,91.02315,8.272161,54.779878,55.04926678077439,7.18,15.839542309739223,7.070039645082122,62.67698697375873,0.8343211452539436,72.95769026077701,70.6926159129937,18.32479236614243,9.880410022779044,27.39286388521805,20.30041063323968,5.526258915063756,0.0,0,-2.614414925714499
12053,15.883630226155587,23.62282878457025,15.503269838913212,5.781741040394043,1999.0,13.727832670580762,26.204386724386723,0.0,14.0,65.45514079895219,12.159595330662126,San Marcos,0.6156,Medio,552,27.270369,10.638451,19.698709,17.173601,21.126255,1.384505,62.431851,19.806313,14.862636,4.056644,48.62067,60.5,20.5,24.7,79.0,38.9,61.7,70.035009,6.148951,43.160732,1.1308152438122212,7.43,13.124964450258803,11.934952360484276,89.21842538863815,1.0459402191064424,63.082304760821344,75.14734774066798,20.35171276790621,7.519788918205805,32.54531126871552,27.270369483680472,6.928816534993217,157.0,1,-3.7240348954934603
12054,14.472120596455326,16.169041369436354,14.245469565104266,12.07560629481632,648.3333333333334,11.721781305114638,19.646464646464647,0.0,9.0,47.67156862745099,7.66322826392617,San Miguel Totolapan,1.889224,Muy alto,131,20.493807,35.103604,27.093853,20.511928,30.715654,4.788438,66.794358,35.434442,16.736053,10.425963,58.771537,84.3,41.7,34.9,78.2,30.9,84.7,89.009555,12.858305,33.289286,0.2767115951084531,6.47,14.97470057003779,8.801530700991476,64.82866585493129,6.464124111182935,39.633638634471275,60.294117647058826,10.47438330170778,17.82894736842105,27.030787963124023,20.493806702846015,7.183396163884171,0.0,0,-6.808892332529156
12055,12.22661379785714,14.228614111628682,8.207681170077938,14.19168569698959,3878.3333333333335,16.718450230855066,31.959198542805098,15.154752851838731,15.0,66.98330454807139,11.596017207671183,Taxco de Alarcón,-0.225229,Bajo,1249,19.355786,6.782551,4.990807,8.136386,6.896206,0.471335,53.772355,15.808123,8.207283,5.009598,39.433946,75.0,26.8,21.0,53.8,37.5,81.2,82.519022,8.591335,41.084073,2.433733980737085,8.64,7.8212219789121935,35.95558075165905,92.98696101644046,1.8918321482518512,68.71384630963381,74.0587219343696,32.88906948394961,8.890482165262592,33.311101477306835,19.35578580493626,7.074801583543273,3523.0,1,-0.6305965901859576
12056,11.21409471878909,13.458016821099967,11.274993342284867,8.431463300607762,2235.3333333333335,13.554283885255545,25.300032332009078,0.0,17.0,69.29117586278157,14.416671963208705,Tecoanapa,0.800443,Medio,457,22.145757,11.922877,26.024555,5.274079,26.845928,1.755144,79.967145,26.085077,14.421438,3.221809,45.653683,82.7,39.1,21.1,90.8,31.0,83.4,86.861559,5.464275,,1.9078598288232174,7.82,10.917871346505903,14.695464362850972,88.0,1.1711878529765762,68.18382677861246,79.32424054556726,17.619235317303904,5.695989214694978,34.557235421166304,22.145756898161213,4.873759850639342,32.0,1,3.202577244419615
12057,13.165801465972871,19.172222084570905,14.149796729376204,3.2868046948547573,2339.6666666666665,14.752089057568512,27.85805181510355,1.443486083880858,16.0,68.17210567210567,11.972316345348604,Técpan de Galeana,-0.006518,Bajo,1022,27.426154,12.823643,7.558879,6.093901,9.720739,1.485325,43.511878,13.006765,11.055999,6.116179,46.037138,37.8,7.0,26.1,50.8,42.0,38.7,47.741782,10.532275,47.783141,0.8093496066560911,7.94,12.46691536585874,29.53796216462951,86.89455799563828,0.909583760014457,69.19534001625576,71.70745920745921,20.54030245191602,9.967368733313556,30.455951716792615,27.4261538697365,7.379247972776185,937.0,1,-1.193485120624267
12058,10.638931318673164,18.61895257029401,9.571447514031247,1.0714435788182135,1893.0,12.489764955916081,24.59196581196581,0.0,17.0,64.98455200823894,11.18967129887597,Teloloapan,0.209592,Medio,834,28.438969,11.288927,10.467128,19.528547,11.065456,0.865052,52.955594,12.737889,10.895367,5.185263,48.022297,63.9,17.3,21.4,70.2,17.0,66.1,73.562127,5.995258,18.925914,1.3338082799018445,7.92,10.236577494465633,23.18538234659377,88.50442414214805,0.8059610705596107,70.1570959912517,69.55029179539993,24.022252191503707,9.932659932659933,36.68081432990432,28.43896909898359,5.585595629633759,394.0,1,0.5507399802028061
12059,14.548110064949647,29.882031281497405,11.814684344360757,-7.635154176211773,676.3333333333334,8.129570919276802,17.798245614035086,5.892770935698439,12.0,46.74038240036858,8.622606759038227,Tepecoacuilco de Trujano,0.522841,Medio,596,20.122703,17.177006,9.379624,15.959021,9.937393,1.115538,57.712009,12.669323,15.762378,7.946357,51.463873,75.1,30.9,31.7,73.1,28.5,76.4,83.447828,11.253621,33.783814,17.296740994854204,7.26,14.396991673381681,22.73088719754629,82.63092127683744,1.6555125044029588,63.54642313546423,69.66136834830684,24.053382991930476,12.787088764742396,33.74985800295354,20.12270336947348,8.394468610011037,0.0,0,-5.92550330591142
12060,11.900637131661002,20.78314223280883,11.596815593165957,0.10662737935465098,379.6666666666667,18.745772946859905,21.09259259259259,0.0,5.0,49.500217296827465,10.564306694337656,Tetipac,0.352859,Medio,697,19.273908,9.137192,9.914255,8.199357,13.799571,1.795284,54.662379,26.473741,9.761479,5.901639,58.505832,79.3,31.0,29.5,66.0,29.7,80.2,85.261185,7.823911,30.468566,0.10196878186524433,6.78,6.7773458022486075,7.758159443552702,90.71696094168004,1.3465627214741318,59.30440264789324,59.84354628422425,15.627051871306632,11.280101394169835,26.886035313001607,19.273907910271546,7.556080283353011,0.0,0,-1.3363304373233458
12061,13.154474559754789,19.045361945923627,9.146261402607115,9.19982365612517,1970.0,18.649920225405662,28.30265142541262,0.0,10.0,78.76849260295882,16.30262085353891,Tixtla de Guerrero,0.407787,Medio,655,26.05916,17.771139,5.160239,29.639689,10.610176,0.65182,65.127648,23.519826,11.48147,4.200669,35.932628,57.9,22.5,17.8,57.2,25.9,60.6,65.443965,6.414799,29.401724,19.16693070754832,9.21,11.56825560091286,31.01763907734057,82.05336951605608,1.2690813837955017,71.17096846774453,78.64854058376649,39.104900769542326,7.423409269442263,37.014925373134325,26.05916008431586,4.711496143244307,836.0,1,3.148146293784123
12062,1.8679442330117013,11.816118935837245,9.319428733630746,-18.863129634084363,602.3333333333334,13.795102184637068,22.308641975308642,0.0,7.0,36.705261019703435,0.7775771530803226,Tlacoachistlahuaca,2.291287,Muy alto,78,28.444757,26.122283,27.666057,3.981312,28.092626,4.103189,85.110705,34.755231,39.578322,14.811441,70.206594,83.1,43.2,45.7,89.0,41.5,83.4,87.92427,19.412125,44.743825,77.75322110410984,5.04,36.684590349511815,9.103811841038118,73.74290348742903,3.329316059053932,46.96476581293335,50.274223034734916,16.395262768319764,23.97081813444502,32.46147607461476,28.444756595408453,5.693340942013081,0.0,0,-1.0903670799313787
12063,11.612558183220079,8.372765525739268,9.425713713381823,17.84221881564753,313.0,14.227272727272727,26.083333333333332,0.0,3.0,43.5933147632312,12.23249178090689,Tlacoapa,2.858437,Muy alto,34,4.766151,48.536392,19.106013,4.588608,48.101266,15.743671,90.625,64.596519,18.651035,6.244617,54.917783,92.0,49.8,28.9,88.2,15.9,92.3,94.238581,9.135083,16.423712,83.7199493884437,7.03,14.905602923264311,9.459992116673236,51.28104059913284,1.7317380352644836,48.35566382460414,67.40947075208913,16.621743036837376,11.851851851851851,40.32321639731967,4.766151407055093,9.621482362267143,0.0,0,0.6199335976868117
12064,10.806919095294857,11.937460236982348,10.297975477616198,8.797709923664119,472.0,12.643762183235866,17.48148148148148,0.0,7.0,85.50724637681158,6.294995154367989,Tlalchapa,-0.184517,Bajo,1208,33.618697,6.575102,5.698422,7.364115,5.961426,1.19813,29.398013,7.568673,15.791968,7.386066,49.543893,46.6,11.1,29.2,62.4,11.1,47.9,57.228837,9.190203,,0.027137042062415198,7.52,16.26584527899538,17.56282875511397,93.42489772063121,2.3725055432372506,53.429688425542,76.08695652173913,21.06280193236715,10.398613518197573,29.310344827586206,33.61869702936392,8.03013440630083,0.0,0,-4.511923940926868
12065,9.575370277700854,62.074245898434036,8.035714285714283,-69.74478862263784,223.33333333333334,10.320346320346319,15.58095238095238,0.0,5.0,57.560137457044675,1.9988817444786093,Tlalixtaquilla de Maldonado,0.760751,Medio,479,20.810313,11.228814,11.175847,23.78178,20.497881,1.059322,45.868644,17.955508,21.048513,5.521049,62.773865,77.9,27.1,37.8,68.2,41.9,78.4,83.175958,9.721254,45.714286,25.070861678004537,6.14,18.46635367762128,8.359788359788359,88.2010582010582,1.8646408839779005,56.6510172143975,62.11340206185567,11.148272017837236,11.648351648351648,23.915343915343914,20.810313075506446,8.497763746382532,0.0,0,-7.5764885332222445
12066,12.557003968734762,36.34159218069252,11.417846723119622,-22.076328283026196,4436.666666666667,15.00279132129666,35.118722747862165,5.833570739123885,18.0,72.94749534144471,14.257530239953647,Tlapa de Comonfort,0.49729,Medio,611,28.386996,16.403199,6.448763,9.368607,11.64218,1.645899,68.262972,25.864794,16.438009,7.34048,43.472537,71.8,31.4,23.2,55.9,38.3,73.2,79.072641,7.098744,40.983775,51.63490179391279,8.22,14.718710843946772,23.467876319200148,83.16052582855026,1.696143481509998,70.03917587907817,66.77079907925025,26.416739319965128,12.515375153751538,37.61340492501389,28.38699609882965,6.235630689206762,2333.0,1,1.7005262712188856
12067,11.146414048198999,16.734738691260432,9.015669759967478,6.416406161991666,941.3333333333334,17.783797155225727,24.136752136752136,3.835121869123453,7.0,82.21251819505095,9.676432880052122,Tlapehuala,-0.028733,Bajo,1042,43.279751,11.327524,4.271314,11.908423,4.100461,1.093456,55.800444,10.01196,14.973262,4.787506,44.244971,68.6,27.1,24.7,56.2,39.2,69.8,75.008951,5.503668,41.495997,0.06207917482450695,8.13,14.973262032085561,24.215017064846418,88.54948805460751,2.693639117265253,58.84899414311179,76.85589519650655,30.37261698440208,8.447304907481898,32.474402730375424,43.279751452114006,6.578414156423071,0.0,0,-1.4699811681468766
12068,12.129303433848422,23.044788975021532,13.935421320861906,-6.3574005359719585,586.6666666666666,9.716350545057708,20.22988505747126,0.0,5.0,43.71584699453552,9.206686352725828,La Unión de Isidoro Montes de Oca,-0.002655,Bajo,1017,22.114691,6.686614,11.877195,8.624951,13.373228,1.404969,28.294523,9.236373,13.275636,6.699693,51.801731,43.5,10.2,29.0,64.7,27.8,46.1,51.645779,13.084432,30.121577,0.17676361883336011,7.09,15.588775242591135,13.764919564089258,93.0591593149974,1.9390093424995594,59.51219512195122,67.6602086438152,19.45885841363973,10.25039123630673,24.221587960560456,22.114691259630348,7.57524004706061,0.0,0,-2.9226170811225938
12069,21.108055867315127,24.541056256163248,34.492656919504135,-0.28610573823339774,244.0,9.374643874643876,13.555555555555555,0.0,5.0,32.88409703504043,14.138458293788887,Xalpatláhuac,2.0646,Muy alto,112,12.961725,12.931376,16.937723,49.861166,21.896073,1.626339,83.181277,30.1071,33.974359,8.962083,72.582799,93.2,50.0,43.8,92.7,30.0,93.3,95.216778,13.014504,31.909055,86.93135570227005,5.09,29.260149572649574,6.537242472266244,86.92551505546751,3.6908077994428967,38.35470085470085,47.84366576819407,9.864457831325302,21.50655021834061,30.78446909667195,12.961724887180344,5.607554738425539,0.0,0,-6.96959757352624
12070,20.27936330068907,25.592214366762676,13.042362002567396,18.178947059169165,191.0,13.642857142857144,36.47222222222222,0.0,2.0,43.50797266514807,14.174603174603172,Xochihuehuetlán,0.242333,Medio,795,15.873823,9.566075,4.930966,9.566075,6.903353,1.42998,41.420118,12.919132,19.918986,3.470541,60.091582,74.7,19.3,35.0,60.1,19.1,75.5,81.954459,7.43833,19.620493,1.9249017215670328,6.35,19.2497358224727,11.680630852636767,90.38935436175456,1.4742014742014742,50.17611835153223,60.59225512528474,13.19290465631929,7.971014492753623,28.092656481025134,15.873823454591706,9.005342152124141,0.0,0,-6.104760126085898
12071,11.988734662083333,6.765118180795933,17.0572765617527,12.252012043871433,517.0,15.99656072106262,24.61904761904762,0.0,4.0,23.846863468634684,14.435695538057747,Xochistlahuaca,2.343437,Muy alto,73,12.120705,36.324675,12.584416,5.584416,22.883117,5.597403,91.038961,41.909091,36.932322,10.699452,70.658063,87.5,41.3,47.8,89.9,38.4,88.0,91.236924,15.247314,40.875588,91.3593443791199,5.19,30.75066495911733,5.265888456549935,63.29442282749676,2.0778696792414766,73.24894099103537,46.079335793357934,12.443507080445917,23.232323232323232,28.43060959792477,12.120705228998695,7.035562543909538,0.0,0,2.4469608759744137
12072,14.928638573023285,20.98834128245893,13.611111111111114,7.26572327044025,189.66666666666666,10.537037037037036,31.611111111111114,0.0,2.0,24.473118279569892,11.786169066509943,Zapotitlán Tablas,2.48207,Muy alto,57,6.056315,42.894911,13.813615,7.038995,32.319894,6.477198,94.448116,76.404494,22.631022,8.193124,61.209635,91.4,52.1,36.8,89.1,32.5,91.6,93.646691,13.56627,34.37439,85.17123901739286,6.33,16.781365802011646,4.062087186261559,57.03434610303831,1.4271891630382196,54.71148755955532,45.67741935483871,8.947700063011972,19.955654101995567,33.45442536327609,6.056314561812729,9.205264911696101,0.0,0,-3.1424695065133417
12073,8.806276214023514,13.739241151005857,13.509481811720619,-4.078219059279667,453.3333333333333,15.640175150519978,18.228395061728396,0.0,7.0,49.65315808689303,12.672464950671314,Zirándaro,0.800867,Medio,456,34.412955,14.884189,16.213494,8.076536,12.104733,2.195368,36.998993,14.582075,20.178661,16.771627,69.068292,71.5,24.8,39.5,60.4,16.4,72.4,80.606353,15.867576,17.33557,3.311299575954103,5.53,20.362330940056772,22.103781174577634,79.12308930008045,1.0964912280701755,60.911671397562195,45.016429353778754,10.748452447945976,28.333333333333332,28.881737731295253,34.412955465587046,8.058343963174533,0.0,0,3.8661887366478
12074,13.174873114974055,24.19007512540652,13.00108009344209,0.3638476120589537,489.6666666666667,11.204318936877078,19.880555555555556,0.0,7.0,31.75529615218331,12.280924561849126,Zitlala,1.720882,Alto,167,22.537198,23.940021,6.945881,26.904516,27.26646,1.258187,90.434333,42.537056,26.814362,7.745715,63.254393,89.2,38.6,37.8,86.7,20.1,89.7,92.599509,12.691149,21.609555,55.77567370721049,5.81,24.348913118966596,6.906648294867378,75.71477781605236,2.5886646139810696,60.90006250434058,55.6420233463035,14.25476603119584,17.157825802226586,45.48742679986221,22.537197979706058,5.901624425535787,0.0,0,-0.8939485531249289
12075,16.08737458634828,23.814726257680963,13.34313166301272,7.269878858859176,1502.3333333333333,24.35286212325686,35.208874458874455,2.777167726999707,10.0,53.14231812286287,19.20228661303007,Eduardo Neri,0.099217,Bajo,917,25.887513,13.556197,2.396986,13.916947,2.685586,0.921918,54.882155,16.426166,13.337129,5.827048,45.650995,65.6,24.8,22.7,50.5,24.5,69.1,72.153976,7.785007,27.646763,14.288291538877864,7.96,12.618621549807495,34.6,86.248,1.7433234421364985,65.78818936066374,65.40502299257163,24.468580294802173,11.788480970023578,36.072,25.88751270564319,5.705304370741256,728.0,1,3.1149120266817896
12076,12.23158723177446,19.591424031695592,13.28980360022772,1.5389194105092026,1320.6666666666667,17.333494208494205,23.035509031198686,0.0,18.0,40.5859455029707,11.80568248667927,Acatepec,3.197062,Muy alto,22,8.097619,59.343491,18.630966,4.8622,53.977145,13.085369,98.655613,77.806408,20.900916,4.390339,58.521725,96.0,61.5,31.1,91.8,29.6,96.1,97.592945,8.634347,30.888255,97.19927896903333,6.57,15.86267753592739,3.9046766614455137,40.60192436786753,3.3323119350390686,54.85334902092613,62.87645974185617,13.953488372093023,9.022988505747126,37.74893712239875,8.097619225315322,5.438216782346942,0.0,0,-0.42590474509519005
12077,14.258168145552013,12.923393478949032,11.651929043831759,18.31556060203416,916.0,13.917445559089797,31.64320987654321,0.0,3.6666666666666665,106.26450116009282,13.604993796526053,Marquelia,0.278664,Medio,767,27.268908,13.478486,8.320373,14.02281,10.575428,1.52929,61.145671,22.446864,12.57641,4.111111,41.93807,59.7,18.6,20.6,58.4,42.8,61.9,65.534222,5.375304,43.924546,3.8147543416951164,8.16,12.365968533921235,24.464285714285715,85.10204081632654,1.408244095643245,68.31345826235093,77.37819025522042,28.135152696556204,6.42939150401837,30.0765306122449,27.26890756302521,7.913165266106443,542.0,1,-0.65317434902596
12078,15.108905791211761,12.866326337681983,22.282334466069404,6.056117362199114,229.33333333333334,23.771043771043775,22.263636363636362,0.0,3.0,16.253248287266715,14.105835105126385,Cochoapa el Grande,4.998727,Muy alto,4,18.087661,45.186972,63.546441,18.6731,70.39807,11.363088,97.153197,73.05187,53.057286,22.246771,82.787964,99.4,84.2,53.0,97.1,22.9,99.5,99.774489,26.709033,23.123014,97.99036618842906,3.4,49.8815685586455,8.161305808929429,54.53672587614018,40.81569115815691,28.177910343012545,41.034727143869596,10.237319683573755,32.80653950953678,31.613058089294288,18.087660656277954,2.546961065863189,0.0,0,-1.0030706860853762
12079,19.7987158098683,33.141588433521285,18.1408294141939,1.8948946211729936,345.0,17.271052631578947,23.0,0.0,5.0,23.958333333333332,16.517326615011648,José Joaquín de Herrera,2.992723,Muy alto,27,15.418095,31.850354,39.939333,20.500506,45.803842,3.665319,97.446916,67.037412,32.019265,7.819383,68.801284,95.0,59.4,42.8,87.9,18.9,95.0,96.432355,14.292532,20.150322,91.64222873900293,5.18,30.886550124866215,8.236483072258716,68.11520970186963,12.270833333333334,42.811273635390656,47.013888888888886,8.690068493150685,16.29287598944591,32.945932289034864,15.418094771775202,3.91164789728524,0.0,0,-3.2813891948566507
12080,11.39994938082436,20.01862258591037,7.801217865423328,5.659453291460078,297.0,12.91304347826087,27.0,0.0,3.0,67.3469387755102,7.761207369859169,Juchitán,0.763133,Medio,478,24.06403,12.166589,15.86336,21.89986,17.407581,2.246139,51.567618,20.26205,18.322337,6.054131,54.62771,65.7,20.6,33.0,78.7,36.6,66.4,72.849191,8.988341,39.563746,4.575986565910999,6.9,18.623939679547597,12.201963534361852,87.75128564749883,2.700675168792198,50.25447690857681,75.73696145124717,23.230974632843793,8.755760368663594,28.190743338008414,24.06402963354941,8.228601666887155,0.0,0,-3.638742010965191
12081,4.484910141345451,10.793322045032033,7.9172181951885685,-6.877285833056884,532.3333333333334,13.301891807379612,29.574074074074076,0.0,3.0,53.074111000332344,7.757622227398607,Iliatenco,1.820274,Muy alto,148,23.186917,35.024065,23.731951,5.479452,50.351722,7.034432,91.632729,51.832655,13.130651,3.459372,39.968549,80.2,38.7,16.1,89.8,40.6,80.4,86.105764,3.984091,41.549216,83.35629650041334,8.5,11.0208360634255,5.387453874538745,64.76014760147602,0.931098696461825,70.37085572008911,87.13858424725822,31.296673455532925,6.243386243386244,33.800738007380076,23.18691668807261,7.646202585837829,0.0,0,3.272712086053156
