cve_inegi,dist_media_pond,dist_mediana_simple,dist_max,localidades,pob_15a17_loc,pct_15a17_mas_5km,pct_15a17_mas_10km,pct_15a17_mas_20km,pct_15a17_cruza_mun
12001,0.4548362546573257,3.079022087538629,10.45212712830266,227,39698.403637408504,2.6056280170350155,0.1896939112747609,0.0,0.1259496488994437
12002,1.5728442666315732,3.3176814879597756,8.205656916471792,95,1641.8418567744495,9.482685293228384,0.0,0.0,0.6936413698657677
12003,2.3859725929454747,6.869612755048646,23.76764377926307,109,2084.622228123755,16.81946126226091,5.955302437243978,1.7375206139895496,7.224028602567377
12004,3.433771553441274,4.644971543513138,11.160957438051389,33,1351.763816254417,35.8521590619447,7.6936517126321755,0.0,14.055709859616474
12005,0.43395596380110824,1.342122115373551,4.260505909819184,8,476.3046205042877,0.0,0.0,0.0,0.0
12006,0.7371870002286942,3.5593226549806567,9.282632645688407,31,647.2241720662347,5.429497264651962,0.0,0.0,5.019622619996927
12007,0.9882505945757606,3.3923011856268017,8.538364598501477,110,1727.6939309225359,10.515341627207034,0.0,0.0,8.0454065105026
12008,2.633815431428543,5.719855128310572,13.740154673033818,23,477.09281731715316,32.77439247950488,6.089389289747311,0.0,10.281445693460629
12009,1.198100370878206,1.9047901909934055,4.291335674767548,21,399.20598864223024,0.0,0.0,0.0,21.793260240384242
12010,1.021085716687298,1.98786924752741,8.059702304588374,93,1982.6119476325857,2.503018547922085,0.0,0.0,1.9671020366123313
12011,1.1444081781774955,3.429359741545314,12.609748062907437,171,3510.4621621621623,2.657993167837637,0.20104749131943125,0.0,4.093260280020673
12012,1.954111256163487,4.155789502517531,10.26186630726504,133,4909.754350939629,16.330360090748652,0.7332342399800577,0.0,9.334150124220281
12013,1.763534732325413,3.8284275216181323,8.379328859752244,45,871.3917477978674,3.682873730043541,0.0,0.0,17.038484947797176
12014,1.3494486444581975,4.189862126413553,9.328141651589004,42,839.2177179121876,5.726140502500154,0.0,0.0,3.0756142354466327
12015,0.6729640824910084,1.864018105178563,12.930586478016734,30,748.1836388846094,0.6037525275612277,0.030721966205837167,0.0,7.484793450373316
12016,10.560354119985728,13.00993604221443,24.851637499001328,162,661.1259671179884,68.40361217765981,47.5791731838999,13.31761029864867,13.150481437176555
12017,2.3828667308857283,3.4081502095501435,8.041749288829068,27,737.4730727261057,13.843843025728837,0.0,0.0,14.418309608948244
12018,1.5144791854965178,4.491760310419475,7.483687791168503,35,857.0105095761598,11.909332701247598,0.0,0.0,15.450551083615307
12019,1.5462075518407319,3.3571202176078754,9.778026071598891,49,1032.577766380305,13.514913683892637,0.0,0.0,4.400034073944932
12020,1.8928949402522697,3.0280622780241284,6.203167707441011,56,1614.0904471544716,5.823713297214256,0.0,0.0,6.257394074666381
12021,1.4949620324584825,3.3284939868253725,9.574935418732688,132,4346.550591327201,6.842070456280374,0.0,0.0,1.8446383088074132
12022,5.83923006166137,14.279819023679359,27.26104589014267,302,1773.6531617990352,40.90485743613647,19.88194922644489,6.50818707723899,20.562429352158556
12023,2.1493811059969388,5.060415153395512,9.78314757699833,85,1559.3750704172458,25.49437062455385,0.0,0.0,12.666008051736116
12024,2.4266990124052152,3.5291243165933586,7.936402878530894,25,498.8304546609093,13.758420445487044,0.0,0.0,11.527955535312342
12025,1.3306091233716024,3.3912662003042024,6.146047532394068,33,1097.7732612781954,1.145951208904389,0.0,0.0,10.17007685799368
12026,0.6090769369894571,2.592300349055182,10.708143587773895,18,426.59272243713735,3.1381711783834327,0.18065759364085268,0.0,14.390121217703024
12027,4.901102962408497,8.345462143738365,23.633010134809087,135,966.3573063251692,39.426587013657105,12.814419774585208,2.084139537883552,2.4429559892936035
12028,1.7815091173975106,2.780842557949597,6.498536838839779,185,8024.528717608832,6.0038175936658025,0.0,0.0,11.929166052476091
12029,0.3564783086131471,3.122401858168966,10.141573431167304,105,15472.568250315859,0.9063625785005686,0.07755661378165213,0.0,0.5891958145117084
12030,1.4187375611785866,3.9517029699850075,5.836907899864715,47,1241.114606741573,4.870286947578835,0.0,0.0,8.988477193389054
12031,2.281152222952605,3.929117191611937,8.474603627298393,51,323.16024211532334,23.125690063091483,0.0,0.0,23.8745070977918
12032,1.8650533587130984,3.586421064063416,12.536645585992998,198,2571.9825253664035,10.384018174213315,0.5428368353191106,0.0,3.8141413792262404
12033,1.2149111080774155,2.0188454459239495,6.400399332760789,17,994.2273559011894,1.6321574542153445,0.0,0.0,14.383028102297756
12034,1.2031679052073965,3.563792941643463,9.646750700211705,42,1885.699013472522,9.22892274384688,0.0,0.0,7.859469616736477
12035,0.2132624415012604,2.72050497511976,7.001316113334897,66,8108.119184292969,0.6659990902034183,0.0,0.0,0.9249987363936365
12036,1.0002540876531567,1.3844981471833329,5.252734273375126,19,779.6635999659255,12.569523574562542,0.0,0.0,0.0
12037,1.0583859946938212,2.466522221911427,6.582738555352092,27,308.7025089605735,3.2393646665428197,0.0,0.0,7.774475199702768
12038,1.55460372892021,6.18328835233049,16.01811759873409,169,6253.817033198149,16.322616534887874,0.45692442719881743,0.0,0.059849068614312516
12039,0.9649171319783931,2.980070829288513,5.690608468551287,32,1495.6875407197333,0.1337177682871911,0.0,0.0,6.217876225354385
12040,0.763835950532287,3.238360465726015,7.824326664146861,37,1405.012103046629,8.76953828785039,0.0,0.0,5.266858544459394
12041,1.265765064977036,2.0744756860495084,7.407464726584698,134,2281.384776371308,0.9204935623968649,0.0,0.0,7.127926329857783
12042,2.612753054086137,4.662496803768608,8.346403959701423,19,1049.0563584591414,12.964031808525274,0.0,0.0,39.27339047876774
12043,1.7627402203006086,2.855532210766818,7.653818695469495,75,1321.2057903388302,6.878766060565196,0.0,0.0,3.7140109693850927
12044,1.2771442573867027,3.1731298344781464,11.479384887076408,36,710.257700370908,4.203759137644324,0.8447638085256526,0.0,29.68746736150151
12045,2.0227365890950546,3.8995821005759153,8.860527737923073,146,1720.801940518878,8.933074718060894,0.0,0.0,2.1199457437448537
12046,0.6275403255736389,2.5530000807240913,5.527428449157266,112,4590.081457914876,1.568599613321617,0.0,0.0,3.729810880299404
12047,2.4165742404003576,3.289502665346517,8.806340821824861,88,415.6967213114754,8.660159716060337,0.0,0.0,5.4189911846797685
12048,1.8764931168897125,7.134736896165473,25.059326524282756,209,2359.2470672677928,13.66357491742528,7.923760983690871,1.458876469648243,4.022072646587194
12049,1.857754247777729,4.054083168341799,8.43915659324234,38,658.108993962205,15.721248432001282,0.0,0.0,7.387418645172852
12050,0.7243101776520762,2.238478321598614,5.038377556614926,28,1940.2662543526844,0.9277077287521656,0.0,0.0,4.128336625758522
12051,1.0158417289733381,2.015925103566229,6.409972856281691,82,2435.336856376062,0.08212416260870493,0.0,0.0,1.5603590895653938
12052,0.9059723568009853,2.619269848309231,7.149209316295503,92,3497.2829046898637,2.035541129586042,0.0,0.0,3.3508479335713273
12053,2.1268545453361534,3.934417823816452,11.048922496454571,121,3053.4683983720374,19.44956503359478,1.1462375054760783,0.0,5.7639371703939934
12054,3.5288948963225586,5.609634963552753,22.194314722651892,151,1359.2726293549856,27.598668051628994,8.453574270128973,0.4414125518621804,9.915986117298814
12055,1.5116898818758835,3.5094364268950478,8.147453735564449,121,5789.233136968916,8.236358299862824,0.0,0.0,1.9173523914795485
12056,1.2272145146021927,2.0073269571205534,7.061018385981308,62,3226.498469487441,3.750195487283834,0.0,0.0,7.934297890451748
12057,2.0644744125804704,6.502405082549059,15.165430602753215,332,3434.1416987292487,20.233517991461813,2.515605484050299,0.0,1.8924993503861764
12058,1.2227520980025186,3.200075036714086,7.348611689377167,154,2912.8918557333186,6.473551451371201,0.0,0.0,6.498603265062994
12059,1.2298780583401532,2.484246123390409,8.74428923910212,49,1446.3905732649484,4.632220455416851,0.0,0.0,8.529853150674406
12060,1.5176509725953677,2.6992104259143925,5.274059988417712,51,766.6217532467532,2.217521212775734,0.0,0.0,3.0739057591985874
12061,0.43057611138631424,2.4273371350364052,6.864745176381842,43,2516.098770007644,2.0269474556376443,0.0,0.0,1.0333457616976225
12062,3.525584235936344,5.311179158903093,14.436787101072577,43,1640.449190114569,37.22034687096087,9.901992913074773,0.0,17.578435599106292
12063,1.8886455435103306,2.922714207974706,5.560802545823263,63,718.7114546175188,7.374308515537066,0.0,0.0,14.231661564576143
12064,1.0189933904228703,3.2640783030610705,12.638168613633225,30,552.425306052564,6.163232541128922,1.4567139013897672,0.0,1.0861196860936513
12065,0.4470264584237049,1.1833368591135036,3.4778223537565487,15,387.55998421468036,0.0,0.0,0.0,0.0
12066,0.9436022643454156,2.933639783279025,7.801286612452717,119,6086.451599479844,3.942342442185776,0.0,0.0,3.057204407833889
12067,0.6272723515630867,2.2869206889498432,6.1955240032212044,28,1146.649781620064,4.400995132911816,0.0,0.0,7.030801330953945
12068,5.721615258535031,9.2645178307579,26.074469232811907,142,1340.4873429731679,57.48859281469422,14.560911805865947,2.1340807142005147,3.5807872600674604
12069,0.9532406470347656,1.4867327285943226,4.516859396702988,26,744.0343473173994,0.0,0.0,0.0,2.0160359604475513
12070,1.0434615315158735,5.020240193236411,9.473006769935441,13,439.1142203001781,16.57426492823948,0.0,0.0,2.897706930651771
12071,2.7272405850052666,3.5406095355890153,14.497563008917295,107,2166.846074069118,15.698848569928211,4.022310235254426,0.0,0.5971943823418774
12072,1.8826957465615362,2.0929472604063806,5.1596647059379634,54,774.3868710429857,1.9370163106971579,0.0,0.0,12.526038809174954
12073,3.9426918822965122,7.495229168472365,19.538667446697644,224,921.5475569851922,39.041354505638516,13.440780037870967,0.0,0.0
12074,1.032299248339223,2.227245473571073,8.210825038657116,32,1542.0,4.539559014267185,0.0,0.0,0.0
12075,0.5848057602996329,4.616585143115318,10.336290042121323,44,2829.2980461544253,4.872650318189251,0.17672227946419383,0.0,4.079653414365185
12076,1.798302291163669,1.940380154316158,10.266015124107984,156,3257.9867154265244,6.2922294627331565,3.100074027980726,0.0,5.005572944408643
12077,1.2422901000431696,3.218973614818947,6.126523414841276,26,863.3514705882353,15.085533633463298,0.0,0.0,0.0
12078,3.892487696105618,5.318682597302486,11.694503342464195,146,1410.56729909138,31.277086936525308,7.798280881093497,0.0,30.166758672525667
12079,1.1364106522361952,1.4405724616428084,4.544718207336735,63,1439.7828736194983,0.0,0.0,0.0,5.6953031948392745
12080,2.4089595848858156,5.262918548995605,8.85535528865506,24,442.4001852096838,24.476369298433696,0.0,0.0,3.9217990594189236
12081,2.1491094406185556,2.5047684858508266,9.062440276736782,46,1003.0,7.07876370887338,0.0,0.0,17.547357926221338
